{"stats":{"minecraft:killed_by":{"alexsmobs:crocodile":1},"minecraft:crafted":{"minecraft:wooden_sword":1,"minecraft:oak_planks":20,"minecraft:crafting_table":1,"minecraft:wooden_axe":1,"minecraft:bread":27,"minecraft:wheat":81},"minecraft:broken":{"minecraft:wooden_sword":1},"minecraft:picked_up":{"minecraft:stick":38,"minecraft:crafting_table":2,"regions_unexplored:joshua_sapling":1,"regions_unexplored:silt_dirt":1,"minecraft:oak_stairs":1,"minecraft:oak_log":46,"tombstone:grave_dust":3,"mutantmonsters:hulk_hammer":1,"minecraft:rotten_flesh":4,"minecraft:apple":1,"regions_unexplored:joshua_log":18,"minecraft:red_sand":1,"delightful:acorn":7,"minecraft:hay_block":9,"alexsmobs:emu_egg":1,"minecraft:oak_sapling":27,"delightful:green_tea_leaf":3,"minecraft:oak_planks":1},"minecraft:mined":{"minecraft:hay_block":9,"treechop:chopped_log":3,"minecraft:crafting_table":2,"minecraft:grass":1,"minecraft:red_sand":1,"regions_unexplored:joshua_leaves":1,"regions_unexplored:small_desert_shrub":1,"regions_unexplored:silt_dirt":1,"minecraft:oak_stairs":1,"minecraft:dead_bush":2,"minecraft:oak_planks":1,"minecraft:oak_leaves":3},"minecraft:used":{"alexsmobs:emu_egg":1,"minecraft:wooden_axe":40,"minecraft:red_sand":1,"minecraft:bread":8,"delightful:green_tea_leaf":3,"minecraft:wooden_sword":59,"mutantmonsters:hulk_hammer":8,"minecraft:crafting_table":3,"alexsmobs:animal_dictionary":1},"minecraft:killed":{"minecraft:zombie":3,"minecraft:drowned":1,"mutantmonsters:mutant_zombie":1,"alexsmobs:rattlesnake":1},"minecraft:custom":{"minecraft:time_since_rest":8948,"minecraft:interact_with_furnace":1,"minecraft:sprint_one_cm":33066,"minecraft:damage_taken":1105,"minecraft:walk_one_cm":109486,"minecraft:mob_kills":6,"minecraft:damage_dealt":3471,"minecraft:swim_one_cm":42171,"minecraft:interact_with_crafting_table":3,"minecraft:fly_one_cm":63131,"minecraft:open_chest":6,"minecraft:crouch_one_cm":1100,"minecraft:interact_with_loom":1,"minecraft:play_time":56997,"tombstone:undead_killed":5,"minecraft:deaths":2,"minecraft:sneak_time":2745,"minecraft:walk_under_water_one_cm":8530,"minecraft:jump":300,"minecraft:leave_game":7,"minecraft:time_since_death":25464,"minecraft:walk_on_water_one_cm":21489,"minecraft:sleep_in_bed":2,"minecraft:total_world_time":56997,"minecraft:climb_one_cm":6121,"minecraft:fall_one_cm":4405}},"DataVersion":3465}