{"stats":{"minecraft:custom":{"minecraft:time_since_rest":16516,"minecraft:crouch_one_cm":199,"minecraft:play_time":16516,"minecraft:sprint_one_cm":19789,"minecraft:damage_taken":80,"minecraft:walk_one_cm":39592,"minecraft:sneak_time":33,"minecraft:walk_under_water_one_cm":302,"minecraft:jump":134,"minecraft:walk_on_water_one_cm":625,"minecraft:time_since_death":16516,"minecraft:climb_one_cm":2968,"minecraft:total_world_time":16516,"minecraft:swim_one_cm":997,"minecraft:interact_with_crafting_table":2,"minecraft:fall_one_cm":3514,"minecraft:fly_one_cm":16434},"minecraft:mined":{"minecraft:grass":1,"minecraft:hay_block":32,"minecraft:coal_ore":8,"minecraft:grass_block":1,"minecraft:oak_log":18,"minecraft:tall_grass":1,"minecraft:stone":22,"minecraft:oak_leaves":5,"minecraft:crafting_table":1},"minecraft:crafted":{"minecraft:oak_planks":24,"minecraft:crafting_table":1,"minecraft:wooden_pickaxe":1},"minecraft:picked_up":{"minecraft:stick":8,"minecraft:crafting_table":1,"minecraft:apple":1,"minecraft:hay_block":32,"minecraft:oak_log":18,"minecraft:oak_sapling":7,"minecraft:coal":8,"minecraft:dirt":1,"minecraft:cobblestone":22},"minecraft:used":{"minecraft:apple":1,"minecraft:crafting_table":1,"alexsmobs:animal_dictionary":1,"minecraft:wooden_pickaxe":50}},"DataVersion":3465}