{"stats":{"minecraft:picked_up":{"regions_unexplored:silt_dirt":1,"minecraft:hay_block":9},"minecraft:mined":{"minecraft:hay_block":9,"regions_unexplored:silt_dirt":1},"minecraft:used":{"alexsmobs:animal_dictionary":1},"minecraft:custom":{"minecraft:time_since_rest":2913,"minecraft:open_chest":1,"minecraft:crouch_one_cm":244,"minecraft:play_time":29414,"minecraft:sprint_one_cm":5738,"minecraft:deaths":1,"minecraft:damage_taken":280,"minecraft:walk_one_cm":34485,"minecraft:sneak_time":76,"minecraft:walk_under_water_one_cm":5782,"minecraft:jump":69,"minecraft:leave_game":6,"minecraft:walk_on_water_one_cm":10005,"minecraft:time_since_death":5312,"minecraft:sleep_in_bed":1,"minecraft:climb_one_cm":918,"minecraft:total_world_time":29414,"minecraft:swim_one_cm":28711,"minecraft:fall_one_cm":732,"minecraft:fly_one_cm":51937}},"DataVersion":3465}