{"stats":{"minecraft:mined":{"minecraft:crafting_table":3,"minecraft:grass_block":2,"minecraft:tall_grass":2,"minecraft:cobblestone":3,"minecraft:deepslate_gold_ore":6,"supplementaries:urn":1,"minecraft:hay_block":32,"minecraft:furnace":1,"minecraft:iron_ore":9,"minecraft:deepslate_lapis_ore":3,"minecraft:grass":2,"minecraft:coal_ore":8,"minecraft:oak_log":34,"minecraft:deepslate_iron_ore":2,"minecraft:stone":22,"minecraft:oak_leaves":5,"minecraft:deepslate":9},"minecraft:custom":{"minecraft:interact_with_furnace":1,"minecraft:mob_kills":14,"minecraft:interact_with_crafting_table":9,"minecraft:bell_ring":19,"minecraft:time_since_death":40516,"minecraft:climb_one_cm":6895,"minecraft:time_since_rest":40516,"minecraft:sprint_one_cm":35579,"minecraft:damage_taken":1270,"minecraft:walk_one_cm":126862,"minecraft:drop":29,"minecraft:damage_dealt":2716,"minecraft:swim_one_cm":3245,"minecraft:talked_to_villager":16,"minecraft:fly_one_cm":39569,"minecraft:player_kills":1,"minecraft:open_chest":1,"minecraft:crouch_one_cm":11278,"minecraft:play_time":40516,"tombstone:undead_killed":13,"minecraft:sneak_time":4452,"minecraft:walk_under_water_one_cm":1633,"tombstone:tomb_raiding":1,"minecraft:jump":395,"minecraft:walk_on_water_one_cm":6110,"minecraft:total_world_time":40516,"minecraft:fall_one_cm":14710},"minecraft:killed":{"minecraft:skeleton":2,"minecraft:zombie":11,"minecraft:cow":1},"minecraft:crafted":{"minecraft:oak_planks":28,"minecraft:crafting_table":1,"minecraft:wooden_pickaxe":1,"minecraft:furnace":1,"minecraft:stone_axe":1,"minecraft:bread":96,"minecraft:diamond_pickaxe":1,"minecraft:stick":4,"minecraft:stone_pickaxe":1,"minecraft:stone_sword":1,"minecraft:torch":4,"minecraft:wheat":288},"minecraft:picked_up":{"minecraft:crafting_table":3,"minecraft:leather":2,"minecraft:oak_log":34,"minecraft:lapis_lazuli":17,"minecraft:dirt":2,"minecraft:bone":5,"minecraft:apple":9,"minecraft:cobbled_deepslate":9,"minecraft:raw_gold":6,"minecraft:beef":2,"minecraft:oak_planks":20,"minecraft:furnace":1,"minecraft:stick":9,"minecraft:raw_iron":11,"tombstone:grave_dust":1,"minecraft:arrow":3,"minecraft:rotten_flesh":8,"minecraft:diamond":8,"minecraft:hay_block":32,"tombstone:magic_scroll":1,"minecraft:oak_sapling":14,"minecraft:coal":9,"minecraft:cobblestone":25},"minecraft:dropped":{"minecraft:iron_ingot":2,"minecraft:bread":32,"minecraft:furnace":1,"croptopia:oat":1,"minecraft:stone_axe":1,"minecraft:wheat_seeds":1,"minecraft:cherry_log":44,"minecraft:oak_log":20,"alexsmobs:animal_dictionary":1,"minecraft:cherry_sapling":16,"minecraft:rotten_flesh":11,"minecraft:oak_planks":40,"minecraft:leather":2,"minecraft:coal":8,"minecraft:stick":14,"minecraft:lava_bucket":1,"minecraft:dirt":1,"minecraft:brewing_stand":1,"minecraft:torch":2,"minecraft:spider_eye":1,"minecraft:pumpkin":12,"minecraft:stone_pickaxe":1,"minecraft:wooden_pickaxe":1,"minecraft:string":1,"minecraft:pink_petals":128},"minecraft:used":{"minecraft:stone_sword":54,"minecraft:stone_pickaxe":26,"minecraft:wooden_pickaxe":50,"minecraft:crafting_table":3,"minecraft:diamond_pickaxe":7,"minecraft:apple":1,"minecraft:bread":24,"minecraft:stone_axe":27,"minecraft:cobblestone":4,"minecraft:furnace":1,"tombstone:gift":2,"alexsmobs:animal_dictionary":1}},"DataVersion":3465}