{"stats":{"minecraft:custom":{"minecraft:interact_with_furnace":15,"minecraft:mob_kills":40,"minecraft:interact_with_crafting_table":18,"minecraft:open_barrel":3,"minecraft:interact_with_loom":8,"minecraft:bell_ring":19,"minecraft:leave_game":3,"minecraft:time_since_death":115083,"minecraft:climb_one_cm":6895,"minecraft:time_since_rest":115083,"minecraft:sprint_one_cm":87107,"minecraft:damage_taken":3021,"minecraft:walk_one_cm":364448,"minecraft:drop":37,"minecraft:damage_dealt":8883,"minecraft:talked_to_villager":16,"minecraft:swim_one_cm":4634,"minecraft:player_kills":1,"minecraft:fly_one_cm":109697,"minecraft:open_chest":4,"minecraft:crouch_one_cm":17803,"minecraft:play_time":115083,"tombstone:undead_killed":31,"minecraft:sneak_time":6408,"minecraft:walk_under_water_one_cm":7809,"tombstone:tomb_raiding":1,"minecraft:jump":1267,"minecraft:interact_with_blast_furnace":1,"minecraft:walk_on_water_one_cm":10383,"minecraft:total_world_time":115083,"minecraft:fall_one_cm":32660},"minecraft:crafted":{"minecraft:oak_planks":44,"minecraft:crafting_table":1,"minecraft:wooden_pickaxe":1,"minecraft:iron_helmet":1,"minecraft:iron_sword":1,"minecraft:furnace":1,"minecraft:bone_meal":6,"minecraft:stone_axe":1,"minecraft:bread":96,"minecraft:air":0,"minecraft:iron_chestplate":1,"minecraft:iron_boots":1,"minecraft:diamond_pickaxe":1,"minecraft:stick":8,"minecraft:iron_ingot":29,"minecraft:iron_pickaxe":1,"minecraft:stone_pickaxe":1,"minecraft:stone_sword":1,"minecraft:chest":2,"minecraft:iron_leggings":1,"minecraft:torch":4,"minecraft:wheat":288},"minecraft:picked_up":{"minecraft:crafting_table":3,"minecraft:glow_ink_sac":1,"minecraft:leather":2,"minecraft:potato":1,"minecraft:enchanted_book":1,"alexscaves:cave_book":1,"minecraft:tuff":6,"minecraft:oak_log":34,"supplementaries:flax_seeds":6,"minecraft:gunpowder":2,"minecraft:lapis_lazuli":26,"minecraft:dirt":2,"minecraft:bone":32,"minecraft:apple":9,"minecraft:gold_nugget":24,"minecraft:cobbled_deepslate":24,"minecraft:raw_gold":27,"minecraft:beef":2,"minecraft:iron_ingot":1,"minecraft:iron_nugget":19,"minecraft:oak_planks":28,"minecraft:iron_boots":1,"minecraft:furnace":1,"minecraft:stick":9,"minecraft:raw_iron":18,"croptopia:corn_seed":3,"minecraft:torch":19,"minecraft:dripstone_block":4,"tombstone:grave_dust":4,"minecraft:pointed_dripstone":6,"minecraft:redstone":154,"alexsmobs:centipede_leg":2,"croptopia:chile_pepper":3,"exclusive_weapons_armor_and_tools:super_redstone_pickaxe":1,"minecraft:arrow":10,"minecraft:rotten_flesh":25,"minecraft:diamond":14,"supplementaries:antique_ink":6,"minecraft:hay_block":32,"tombstone:essence_of_undeath":1,"minecraft:emerald":14,"supplementaries:ash":21,"tombstone:magic_scroll":1,"minecraft:oak_sapling":14,"minecraft:coal":9,"minecraft:cobblestone":25},"minecraft:used":{"minecraft:stone_sword":72,"minecraft:stone_pickaxe":28,"minecraft:oak_planks":4,"minecraft:chest":2,"minecraft:wooden_pickaxe":50,"minecraft:iron_sword":95,"minecraft:iron_chestplate":1,"minecraft:torch":20,"minecraft:dirt":1,"minecraft:crafting_table":3,"croptopia:chile_pepper":3,"alexscaves:cave_book":4,"minecraft:dripstone_block":4,"minecraft:tuff":6,"exclusive_weapons_armor_and_tools:super_redstone_pickaxe":36,"minecraft:diamond_pickaxe":28,"minecraft:apple":1,"minecraft:bread":57,"minecraft:iron_pickaxe":38,"minecraft:iron_helmet":1,"minecraft:iron_boots":1,"minecraft:stone_axe":27,"minecraft:cobblestone":14,"minecraft:furnace":1,"minecraft:oak_sapling":1,"tombstone:gift":4,"alexsmobs:animal_dictionary":1,"minecraft:bone_meal":2,"minecraft:iron_leggings":1},"minecraft:dropped":{"minecraft:bread":32,"minecraft:iron_ingot":2,"minecraft:furnace":1,"croptopia:oat":1,"minecraft:stone_axe":1,"minecraft:wheat_seeds":1,"minecraft:cherry_log":44,"minecraft:oak_log":20,"minecraft:stone_sword":1,"alexsmobs:animal_dictionary":1,"minecraft:cobbled_deepslate":2,"minecraft:cherry_sapling":16,"minecraft:rotten_flesh":11,"minecraft:oak_planks":40,"minecraft:iron_boots":1,"minecraft:leather":2,"minecraft:coal":8,"minecraft:stick":17,"minecraft:lava_bucket":1,"minecraft:dirt":1,"supplementaries:flax_seeds":6,"minecraft:brewing_stand":1,"minecraft:torch":2,"minecraft:pumpkin":12,"minecraft:spider_eye":1,"minecraft:stone_pickaxe":2,"minecraft:wooden_pickaxe":1,"minecraft:string":1,"minecraft:pink_petals":128,"minecraft:redstone":93},"minecraft:killed":{"minecraft:zombie_villager":1,"minecraft:spider":1,"minecraft:creeper":6,"minecraft:skeleton":10,"minecraft:zombie":20,"alexsmobs:centipede_head":1,"minecraft:cow":1},"minecraft:mined":{"minecraft:deepslate_redstone_ore":32,"minecraft:tuff":6,"minecraft:deepslate_diamond_ore":1,"minecraft:crafting_table":3,"minecraft:torch":6,"minecraft:grass_block":2,"minecraft:tall_grass":2,"minecraft:cobblestone":3,"minecraft:deepslate_gold_ore":25,"minecraft:oak_planks":4,"minecraft:wall_torch":11,"supplementaries:urn":21,"minecraft:hay_block":32,"minecraft:furnace":1,"minecraft:iron_ore":9,"minecraft:cobbled_deepslate":3,"minecraft:deepslate_lapis_ore":5,"minecraft:grass":2,"minecraft:coal_ore":8,"minecraft:oak_log":34,"minecraft:deepslate_iron_ore":8,"minecraft:dripstone_block":3,"minecraft:stone":22,"minecraft:gold_ore":2,"minecraft:oak_leaves":5,"minecraft:deepslate":28}},"DataVersion":3465}