{"stats":{"minecraft:killed_by":{"alexsmobs:crocodile":1},"minecraft:crafted":{"minecraft:oak_planks":20,"minecraft:crafting_table":1,"minecraft:wooden_axe":1},"minecraft:picked_up":{"minecraft:stick":38,"minecraft:crafting_table":1,"regions_unexplored:joshua_sapling":1,"regions_unexplored:silt_dirt":1,"minecraft:oak_log":46,"minecraft:rotten_flesh":2,"minecraft:apple":1,"regions_unexplored:joshua_log":18,"minecraft:red_sand":1,"delightful:acorn":7,"minecraft:hay_block":9,"alexsmobs:emu_egg":1,"minecraft:oak_sapling":27,"delightful:green_tea_leaf":3},"minecraft:mined":{"minecraft:hay_block":9,"treechop:chopped_log":3,"minecraft:crafting_table":1,"minecraft:grass":1,"minecraft:red_sand":1,"regions_unexplored:joshua_leaves":1,"regions_unexplored:small_desert_shrub":1,"regions_unexplored:silt_dirt":1,"minecraft:dead_bush":2,"minecraft:oak_leaves":3},"minecraft:used":{"alexsmobs:emu_egg":1,"minecraft:wooden_axe":33,"minecraft:red_sand":1,"minecraft:crafting_table":1,"alexsmobs:animal_dictionary":1},"minecraft:killed":{"minecraft:zombie":1,"alexsmobs:rattlesnake":1},"minecraft:custom":{"minecraft:time_since_rest":11065,"minecraft:sprint_one_cm":10623,"minecraft:damage_taken":770,"minecraft:walk_one_cm":77779,"minecraft:mob_kills":2,"minecraft:damage_dealt":280,"minecraft:swim_one_cm":32739,"minecraft:interact_with_crafting_table":1,"minecraft:fly_one_cm":53270,"minecraft:open_chest":1,"minecraft:crouch_one_cm":323,"minecraft:play_time":44997,"tombstone:undead_killed":1,"minecraft:deaths":2,"minecraft:sneak_time":138,"minecraft:walk_under_water_one_cm":6577,"minecraft:jump":224,"minecraft:leave_game":7,"minecraft:time_since_death":13464,"minecraft:walk_on_water_one_cm":10168,"minecraft:sleep_in_bed":1,"minecraft:total_world_time":44997,"minecraft:climb_one_cm":918,"minecraft:fall_one_cm":1568}},"DataVersion":3465}