{"stats":{"minecraft:killed_by":{"alexsmobs:crocodile":1},"minecraft:picked_up":{"regions_unexplored:silt_dirt":1,"minecraft:hay_block":9},"minecraft:mined":{"minecraft:hay_block":9,"regions_unexplored:silt_dirt":1},"minecraft:used":{"alexsmobs:animal_dictionary":1},"minecraft:custom":{"minecraft:time_since_rest":872,"minecraft:open_chest":1,"minecraft:crouch_one_cm":303,"minecraft:play_time":34804,"minecraft:sprint_one_cm":8729,"minecraft:deaths":2,"minecraft:damage_taken":620,"minecraft:walk_one_cm":40665,"minecraft:sneak_time":78,"minecraft:walk_under_water_one_cm":5782,"minecraft:jump":70,"minecraft:leave_game":7,"minecraft:walk_on_water_one_cm":10005,"minecraft:time_since_death":3271,"minecraft:sleep_in_bed":1,"minecraft:climb_one_cm":918,"minecraft:total_world_time":34804,"minecraft:swim_one_cm":28711,"minecraft:fall_one_cm":732,"minecraft:fly_one_cm":52021}},"DataVersion":3465}