{"stats":{"minecraft:mined":{"minecraft:hay_block":32,"minecraft:crafting_table":2,"minecraft:grass":1,"minecraft:oak_log":18,"minecraft:grass_block":1,"minecraft:coal_ore":8,"minecraft:tall_grass":2,"minecraft:cobblestone":3,"minecraft:stone":22,"minecraft:oak_leaves":5},"minecraft:custom":{"minecraft:time_since_rest":28516,"minecraft:sprint_one_cm":28147,"minecraft:damage_taken":1005,"minecraft:walk_one_cm":71315,"minecraft:mob_kills":6,"minecraft:drop":27,"minecraft:damage_dealt":1280,"minecraft:talked_to_villager":15,"minecraft:player_kills":1,"minecraft:swim_one_cm":3245,"minecraft:interact_with_crafting_table":5,"minecraft:fly_one_cm":29649,"minecraft:crouch_one_cm":9814,"minecraft:play_time":28516,"tombstone:undead_killed":6,"minecraft:sneak_time":3728,"minecraft:walk_under_water_one_cm":1633,"tombstone:tomb_raiding":1,"minecraft:jump":244,"minecraft:time_since_death":28516,"minecraft:walk_on_water_one_cm":6110,"minecraft:total_world_time":28516,"minecraft:climb_one_cm":6595,"minecraft:fall_one_cm":7104},"minecraft:killed":{"minecraft:zombie":6},"minecraft:crafted":{"minecraft:oak_planks":24,"minecraft:crafting_table":1,"minecraft:wooden_pickaxe":1,"minecraft:stone_pickaxe":1,"minecraft:stone_sword":1,"minecraft:stone_axe":1,"minecraft:bread":96,"minecraft:wheat":288},"minecraft:picked_up":{"minecraft:stick":8,"minecraft:crafting_table":2,"minecraft:oak_log":18,"minecraft:dirt":1,"minecraft:rotten_flesh":5,"minecraft:apple":1,"minecraft:hay_block":32,"minecraft:oak_sapling":7,"minecraft:oak_planks":20,"minecraft:coal":8,"minecraft:cobblestone":25},"minecraft:dropped":{"minecraft:lava_bucket":1,"croptopia:oat":1,"minecraft:iron_ingot":2,"minecraft:furnace":1,"minecraft:dirt":1,"minecraft:stone_axe":1,"minecraft:wheat_seeds":1,"minecraft:cherry_log":44,"minecraft:oak_log":20,"minecraft:brewing_stand":1,"alexsmobs:animal_dictionary":1,"minecraft:torch":2,"minecraft:cherry_sapling":16,"minecraft:rotten_flesh":11,"minecraft:spider_eye":1,"minecraft:oak_planks":40,"minecraft:pumpkin":12,"minecraft:leather":2,"minecraft:wooden_pickaxe":1,"minecraft:stone_pickaxe":1,"minecraft:string":1,"minecraft:pink_petals":128,"minecraft:coal":8,"minecraft:stick":14},"minecraft:used":{"minecraft:stone_sword":23,"minecraft:apple":1,"minecraft:bread":20,"minecraft:stone_pickaxe":3,"minecraft:wooden_pickaxe":50,"minecraft:stone_axe":5,"minecraft:cobblestone":4,"minecraft:crafting_table":2,"tombstone:gift":2,"alexsmobs:animal_dictionary":1}},"DataVersion":3465}