{"stats":{"minecraft:killed_by":{"alexsmobs:crocodile":1},"minecraft:crafted":{"minecraft:wooden_sword":1,"minecraft:oak_planks":20,"minecraft:crafting_table":1,"minecraft:wooden_axe":1,"minecraft:bread":27,"minecraft:wheat":81},"minecraft:broken":{"minecraft:wooden_sword":1},"minecraft:picked_up":{"minecraft:stick":38,"minecraft:crafting_table":2,"minecraft:copper_ingot":1,"regions_unexplored:joshua_sapling":1,"regions_unexplored:silt_dirt":1,"minecraft:oak_stairs":1,"minecraft:oak_log":46,"tombstone:grave_dust":3,"mutantmonsters:hulk_hammer":1,"minecraft:rotten_flesh":4,"minecraft:apple":1,"regions_unexplored:joshua_log":18,"minecraft:red_sand":1,"delightful:acorn":7,"minecraft:hay_block":9,"alexsmobs:emu_egg":1,"minecraft:oak_sapling":27,"delightful:green_tea_leaf":3,"crittersandcompanions:clam":1,"minecraft:oak_planks":1},"minecraft:mined":{"minecraft:hay_block":9,"treechop:chopped_log":3,"minecraft:crafting_table":2,"minecraft:grass":1,"minecraft:red_sand":1,"regions_unexplored:joshua_leaves":1,"regions_unexplored:small_desert_shrub":1,"regions_unexplored:silt_dirt":1,"minecraft:oak_stairs":1,"minecraft:dead_bush":2,"minecraft:oak_planks":1,"minecraft:oak_leaves":3},"minecraft:used":{"alexsmobs:emu_egg":1,"minecraft:wooden_axe":40,"minecraft:apple":1,"minecraft:red_sand":1,"minecraft:bread":9,"minecraft:iron_helmet":1,"delightful:green_tea_leaf":3,"minecraft:wooden_sword":59,"mutantmonsters:hulk_hammer":15,"minecraft:crafting_table":3,"alexsmobs:animal_dictionary":1},"minecraft:killed":{"minecraft:zombie":3,"minecraft:drowned":2,"mutantmonsters:mutant_zombie":1,"alexsmobs:rattlesnake":1},"minecraft:custom":{"minecraft:time_since_rest":2531,"minecraft:interact_with_furnace":2,"minecraft:sprint_one_cm":38178,"minecraft:damage_taken":1183,"minecraft:walk_one_cm":166991,"minecraft:mob_kills":7,"minecraft:damage_dealt":3661,"minecraft:swim_one_cm":42171,"minecraft:interact_with_crafting_table":3,"minecraft:fly_one_cm":64367,"minecraft:open_chest":16,"minecraft:crouch_one_cm":1100,"minecraft:interact_with_loom":1,"minecraft:play_time":64273,"tombstone:undead_killed":6,"minecraft:deaths":2,"minecraft:sneak_time":2774,"minecraft:walk_under_water_one_cm":8530,"minecraft:jump":318,"minecraft:interact_with_blast_furnace":3,"minecraft:leave_game":8,"minecraft:time_since_death":32740,"minecraft:walk_on_water_one_cm":21489,"minecraft:sleep_in_bed":3,"minecraft:total_world_time":64273,"minecraft:climb_one_cm":7889,"minecraft:fall_one_cm":5762}},"DataVersion":3465}