{"stats":{"minecraft:mined":{"minecraft:pink_petals":1,"minecraft:birch_log":4,"minecraft:cherry_log":62,"croptopia:mustard_crop":1,"croptopia:sweetpotato_crop":2,"minecraft:cornflower":1,"minecraft:crafting_table":3,"croptopia:chile_pepper_crop":2,"minecraft:grass":10,"minecraft:oak_log":55,"minecraft:hay_block":10,"croptopia:barley_crop":2},"minecraft:custom":{"minecraft:time_since_rest":8026,"minecraft:sprint_one_cm":29709,"minecraft:damage_taken":20,"minecraft:walk_one_cm":22747,"minecraft:mob_kills":6,"minecraft:damage_dealt":562,"minecraft:interact_with_crafting_table":3,"minecraft:swim_one_cm":4695,"minecraft:fly_one_cm":19052,"minecraft:open_chest":1,"minecraft:crouch_one_cm":449,"minecraft:play_time":8026,"minecraft:sneak_time":72,"minecraft:walk_under_water_one_cm":878,"minecraft:jump":147,"minecraft:walk_on_water_one_cm":2285,"minecraft:time_since_death":8026,"minecraft:total_world_time":8026,"minecraft:fall_one_cm":4120},"minecraft:killed":{"minecraft:sheep":2,"minecraft:pig":4},"minecraft:crafted":{"minecraft:oak_planks":20,"minecraft:crafting_table":1,"minecraft:stick":12,"minecraft:wooden_pickaxe":1,"minecraft:wooden_axe":4,"minecraft:birch_planks":16},"minecraft:picked_up":{"minecraft:birch_log":4,"croptopia:chile_pepper_seed":3,"minecraft:pink_petals":3,"minecraft:stick":28,"minecraft:crafting_table":3,"croptopia:peach":8,"croptopia:sweetpotato_seed":3,"minecraft:porkchop":6,"minecraft:oak_log":55,"minecraft:cherry_log":61,"minecraft:cornflower":1,"croptopia:chile_pepper":3,"croptopia:barley":1,"minecraft:apple":29,"croptopia:sweetpotato":2,"minecraft:wheat_seeds":1,"minecraft:hay_block":9,"minecraft:cherry_sapling":34,"minecraft:oak_sapling":22,"minecraft:mutton":3,"minecraft:white_wool":2},"minecraft:used":{"minecraft:wooden_axe":170,"minecraft:apple":2,"minecraft:wooden_pickaxe":1,"minecraft:crafting_table":3},"minecraft:broken":{"minecraft:wooden_axe":2}},"DataVersion":3465}