{"stats":{"minecraft:custom":{"minecraft:interact_with_furnace":6,"minecraft:mob_kills":7,"minecraft:interact_with_crafting_table":9,"minecraft:time_since_death":20026,"minecraft:time_since_rest":20026,"minecraft:sprint_one_cm":38895,"minecraft:damage_taken":165,"minecraft:walk_one_cm":53561,"minecraft:damage_blocked_by_shield":65,"minecraft:drop":10,"minecraft:damage_dealt":752,"minecraft:swim_one_cm":4695,"minecraft:fly_one_cm":23658,"minecraft:open_chest":1,"minecraft:crouch_one_cm":1792,"minecraft:play_time":20026,"tombstone:undead_killed":1,"minecraft:sneak_time":522,"minecraft:walk_under_water_one_cm":878,"minecraft:jump":233,"minecraft:walk_on_water_one_cm":2285,"minecraft:total_world_time":20026,"minecraft:fall_one_cm":10359},"minecraft:mined":{"minecraft:deepslate_redstone_ore":3,"minecraft:cherry_log":62,"croptopia:mustard_crop":1,"minecraft:dandelion":1,"croptopia:sweetpotato_crop":2,"minecraft:crafting_table":7,"minecraft:cornflower":1,"croptopia:barley_crop":2,"minecraft:pink_petals":1,"minecraft:hay_block":15,"minecraft:furnace":1,"minecraft:birch_log":4,"minecraft:iron_ore":6,"minecraft:deepslate_lapis_ore":2,"croptopia:chile_pepper_crop":2,"minecraft:grass":13,"minecraft:oak_log":55,"minecraft:coal_ore":13,"minecraft:deepslate_iron_ore":4,"minecraft:stone":13,"minecraft:deepslate":1},"minecraft:killed":{"minecraft:pig":4,"minecraft:skeleton":1,"minecraft:sheep":2},"minecraft:crafted":{"minecraft:oak_planks":84,"minecraft:crafting_table":1,"minecraft:wooden_pickaxe":1,"minecraft:furnace":1,"minecraft:birch_planks":16,"minecraft:bread":45,"minecraft:shield":1,"minecraft:stick":12,"minecraft:iron_pickaxe":1,"minecraft:iron_ingot":7,"minecraft:stone_pickaxe":1,"minecraft:wooden_axe":4,"minecraft:torch":24,"minecraft:wheat":135},"minecraft:picked_up":{"minecraft:birch_log":4,"minecraft:pink_petals":3,"minecraft:crafting_table":7,"croptopia:peach":16,"croptopia:sweetpotato_seed":6,"minecraft:oak_log":55,"minecraft:lapis_lazuli":14,"minecraft:cornflower":2,"minecraft:apple":29,"croptopia:barley":1,"croptopia:sweetpotato":2,"minecraft:wheat_seeds":2,"minecraft:cobbled_deepslate":1,"minecraft:furnace":1,"minecraft:stick":28,"croptopia:chile_pepper_seed":3,"minecraft:raw_iron":10,"minecraft:dandelion":2,"minecraft:porkchop":6,"minecraft:cherry_log":61,"minecraft:redstone":15,"croptopia:chile_pepper":3,"minecraft:rotten_flesh":1,"minecraft:hay_block":15,"minecraft:cherry_sapling":34,"minecraft:bread":16,"minecraft:oak_sapling":22,"minecraft:mutton":3,"minecraft:coal":17,"minecraft:white_wool":2,"minecraft:cobblestone":12},"minecraft:dropped":{"minecraft:coal":1,"minecraft:cornflower":2,"croptopia:sweetpotato_seed":6,"croptopia:peach":8,"minecraft:wooden_pickaxe":1,"minecraft:pink_petals":3,"minecraft:dandelion":2},"minecraft:used":{"minecraft:cherry_sapling":34,"minecraft:stone_pickaxe":24,"minecraft:oak_planks":29,"minecraft:shield":2,"minecraft:wooden_pickaxe":14,"minecraft:torch":4,"minecraft:crafting_table":7,"minecraft:wooden_axe":179,"minecraft:apple":3,"minecraft:bread":1,"minecraft:iron_pickaxe":6,"minecraft:oak_sapling":22,"minecraft:furnace":1},"minecraft:broken":{"minecraft:wooden_axe":2}},"DataVersion":3465}