{"stats":{"minecraft:broken":{"minecraft:iron_axe":1,"minecraft:wooden_axe":2},"minecraft:custom":{"minecraft:mob_kills":29,"minecraft:interact_with_crafting_table":41,"minecraft:open_barrel":6,"minecraft:time_since_death":80057,"minecraft:sprint_one_cm":79625,"minecraft:walk_one_cm":221010,"minecraft:damage_blocked_by_shield":705,"minecraft:drop":31,"minecraft:play_time":80057,"minecraft:sneak_time":1970,"minecraft:walk_under_water_one_cm":4820,"minecraft:jump":827,"minecraft:interact_with_blast_furnace":4,"minecraft:walk_on_water_one_cm":4774,"minecraft:total_world_time":80057,"minecraft:interact_with_furnace":56,"minecraft:interact_with_loom":3,"minecraft:sleep_in_bed":1,"minecraft:time_since_rest":15774,"minecraft:damage_taken":1328,"minecraft:damage_dealt":5281,"minecraft:swim_one_cm":4695,"minecraft:fly_one_cm":56147,"minecraft:open_chest":9,"minecraft:crouch_one_cm":6444,"tombstone:undead_killed":22,"minecraft:fall_one_cm":24828},"minecraft:crafted":{"minecraft:oak_planks":248,"minecraft:furnace":3,"minecraft:cooked_mutton":3,"super_ore_block:super_iron_block":1,"minecraft:iron_boots":1,"minecraft:iron_axe":2,"minecraft:stone_pickaxe":1,"minecraft:redstone_block":12,"super_ore_block:super_redstone_block":3,"minecraft:wheat":135,"minecraft:cooked_porkchop":6,"minecraft:crafting_table":2,"minecraft:wooden_pickaxe":1,"minecraft:iron_helmet":1,"minecraft:birch_planks":16,"minecraft:bread":45,"minecraft:iron_chestplate":1,"exclusive_weapons_armor_and_tools:super_redstone_pickaxe":1,"minecraft:diamond_pickaxe":1,"minecraft:shield":1,"minecraft:stick":12,"minecraft:iron_ingot":85,"minecraft:iron_pickaxe":1,"minecraft:wooden_axe":4,"minecraft:iron_block":10,"minecraft:iron_leggings":1,"minecraft:gold_ingot":24,"minecraft:torch":24},"minecraft:picked_up":{"minecraft:crafting_table":8,"croptopia:peach":16,"croptopia:sweetpotato_seed":6,"minecraft:cornflower":2,"minecraft:cobbled_deepslate":37,"minecraft:iron_nugget":32,"minecraft:furnace":4,"minecraft:raw_iron":74,"minecraft:stick":28,"minecraft:torch":14,"minecraft:porkchop":6,"tombstone:grave_dust":1,"minecraft:cherry_log":61,"minecraft:pointed_dripstone":5,"minecraft:redstone":143,"minecraft:arrow":13,"minecraft:rotten_flesh":20,"minecraft:hay_block":15,"supplementaries:antique_ink":5,"supplementaries:ash":24,"minecraft:cobblestone":21,"minecraft:mutton":3,"minecraft:white_wool":2,"minecraft:skeleton_skull":1,"minecraft:stripped_oak_log":11,"minecraft:birch_log":4,"minecraft:pink_petals":3,"minecraft:andesite":1,"minecraft:tuff":8,"minecraft:oak_log":65,"minecraft:gunpowder":1,"minecraft:lapis_lazuli":35,"minecraft:lantern":1,"minecraft:bone":18,"minecraft:apple":29,"croptopia:barley":1,"croptopia:sweetpotato":2,"minecraft:bow":1,"minecraft:wheat_seeds":2,"alexsmobs:cockroach_wing_fragment":1,"minecraft:raw_gold":3,"minecraft:iron_ingot":6,"minecraft:oak_planks":54,"croptopia:chile_pepper_seed":3,"minecraft:dandelion":2,"minecraft:dripstone_block":1,"croptopia:chile_pepper":3,"minecraft:bundle":1,"minecraft:diamond":3,"minecraft:granite":1,"minecraft:cherry_sapling":34,"minecraft:bread":16,"minecraft:oak_sapling":22,"minecraft:coal":18},"minecraft:dropped":{"minecraft:wheat_seeds":2,"croptopia:chile_pepper_seed":3,"minecraft:coal":1,"minecraft:cornflower":2,"minecraft:wooden_axe":2,"croptopia:sweetpotato_seed":6,"minecraft:pink_petals":3,"minecraft:dandelion":2,"minecraft:redstone":35,"minecraft:cobbled_deepslate":3,"minecraft:rotten_flesh":20,"croptopia:chile_pepper":3,"alexscaves:cave_book":1,"alexsmobs:cockroach_wing_fragment":1,"croptopia:peach":8,"minecraft:wooden_pickaxe":1,"exclusive_weapons_armor_and_tools:super_redstone_pickaxe":1,"croptopia:barley":1},"minecraft:used":{"minecraft:cherry_sapling":34,"minecraft:shield":26,"minecraft:torch":35,"minecraft:tuff":8,"minecraft:granite":1,"exclusive_weapons_armor_and_tools:super_redstone_pickaxe":4,"minecraft:wooden_axe":201,"minecraft:iron_axe":147,"minecraft:lantern":1,"minecraft:iron_boots":1,"minecraft:furnace":7,"minecraft:oak_sapling":22,"tombstone:gift":2,"minecraft:cobbled_deepslate":13,"minecraft:pointed_dripstone":5,"minecraft:stone_pickaxe":111,"minecraft:oak_planks":116,"minecraft:wooden_pickaxe":14,"minecraft:crafting_table":10,"alexscaves:cave_book":1,"minecraft:dripstone_block":1,"minecraft:apple":3,"minecraft:bread":25,"minecraft:iron_pickaxe":94,"minecraft:cobblestone":10,"minecraft:stripped_oak_log":2},"minecraft:killed":{"minecraft:skeleton":11,"minecraft:pig":4,"minecraft:sheep":2,"minecraft:zombie":10,"tinyskeletons:baby_skeleton":1,"alexsmobs:cockroach":1},"minecraft:mined":{"minecraft:tuff":8,"minecraft:deepslate_diamond_ore":3,"minecraft:cherry_log":62,"croptopia:mustard_crop":1,"minecraft:granite":1,"minecraft:hay_block":15,"croptopia:barley_crop":2,"minecraft:redstone_ore":3,"minecraft:furnace":4,"minecraft:iron_ore":33,"minecraft:cobbled_deepslate":4,"minecraft:andesite":1,"minecraft:deepslate_lapis_ore":4,"minecraft:deepslate_iron_ore":42,"minecraft:lantern":1,"minecraft:stripped_oak_log":11,"minecraft:stone":18,"minecraft:deepslate_redstone_ore":19,"minecraft:dandelion":1,"croptopia:sweetpotato_crop":2,"minecraft:crafting_table":8,"minecraft:cornflower":1,"minecraft:torch":4,"minecraft:cobblestone":4,"minecraft:lapis_ore":1,"minecraft:deepslate_gold_ore":3,"minecraft:oak_planks":22,"minecraft:pink_petals":1,"supplementaries:urn":13,"minecraft:birch_log":4,"croptopia:chile_pepper_crop":2,"minecraft:grass":13,"minecraft:oak_log":65,"minecraft:coal_ore":13,"minecraft:dripstone_block":1,"minecraft:deepslate":44}},"DataVersion":3465}