{"stats":{"minecraft:custom":{"minecraft:time_since_rest":5123,"minecraft:sprint_one_cm":8413,"minecraft:damage_taken":100,"minecraft:walk_one_cm":15798,"minecraft:mob_kills":4,"minecraft:drop":2,"minecraft:damage_dealt":720,"minecraft:interact_with_crafting_table":2,"minecraft:swim_one_cm":853,"minecraft:fly_one_cm":8349,"minecraft:crouch_one_cm":80,"minecraft:play_time":5123,"tombstone:undead_killed":1,"minecraft:sneak_time":97,"minecraft:walk_under_water_one_cm":155,"minecraft:jump":85,"minecraft:time_since_death":5123,"minecraft:walk_on_water_one_cm":147,"minecraft:total_world_time":5123,"minecraft:fall_one_cm":1078},"minecraft:mined":{"minecraft:pink_petals":48,"minecraft:cherry_log":9,"minecraft:pumpkin":12,"minecraft:crafting_table":1,"minecraft:grass":4,"minecraft:grass_block":1,"minecraft:oak_log":15,"minecraft:dirt":1},"minecraft:killed":{"minecraft:zombie_villager":1,"minecraft:spider":2,"minecraft:creeper":1},"minecraft:crafted":{"minecraft:oak_planks":20,"minecraft:crafting_table":1,"minecraft:stick":8,"minecraft:wooden_pickaxe":1,"minecraft:wooden_axe":2},"minecraft:picked_up":{"minecraft:pink_petals":136,"minecraft:stick":10,"minecraft:crafting_table":1,"minecraft:pumpkin":12,"minecraft:oak_log":15,"minecraft:spider_eye":1,"minecraft:dirt":2,"minecraft:string":1,"minecraft:cherry_sapling":1,"minecraft:oak_sapling":8,"minecraft:oak_planks":6},"minecraft:dropped":{"minecraft:dirt":1,"minecraft:oak_sapling":1},"minecraft:used":{"minecraft:wooden_axe":52,"minecraft:dirt":1,"minecraft:crafting_table":2},"minecraft:broken":{"minecraft:wooden_axe":1}},"DataVersion":3465}