{"stats":{"minecraft:custom":{"minecraft:interact_with_furnace":4,"minecraft:mob_kills":20,"minecraft:interact_with_crafting_table":9,"minecraft:bell_ring":4,"minecraft:time_since_death":13619,"minecraft:climb_one_cm":2036,"minecraft:time_since_rest":12079,"minecraft:sprint_one_cm":101343,"minecraft:damage_taken":565,"minecraft:walk_one_cm":90643,"minecraft:drop":21,"minecraft:damage_dealt":3502,"minecraft:swim_one_cm":1074,"minecraft:fly_one_cm":108125,"minecraft:open_chest":2,"minecraft:crouch_one_cm":851,"minecraft:play_time":29123,"tombstone:undead_killed":13,"minecraft:deaths":1,"minecraft:sneak_time":451,"minecraft:walk_under_water_one_cm":193,"minecraft:jump":574,"minecraft:walk_on_water_one_cm":1619,"minecraft:total_world_time":29123,"minecraft:fall_one_cm":13355},"minecraft:mined":{"croptopia:bellpepper_crop":1,"minecraft:cherry_log":44,"croptopia:lettuce_crop":1,"minecraft:brewing_stand":2,"minecraft:crafting_table":3,"minecraft:torch":3,"minecraft:calcite":3,"minecraft:grass_block":1,"minecraft:tall_grass":15,"minecraft:cobblestone":15,"minecraft:wall_torch":1,"minecraft:amethyst_block":4,"minecraft:pink_petals":49,"minecraft:furnace":2,"minecraft:iron_ore":34,"minecraft:fire":1,"minecraft:pumpkin":12,"minecraft:grass":9,"minecraft:coal_ore":39,"minecraft:oak_log":15,"minecraft:dirt_path":1,"minecraft:dirt":1,"minecraft:smooth_basalt":3,"minecraft:stone":29},"minecraft:killed":{"minecraft:pig":3,"minecraft:zombie_villager":1,"minecraft:spider":2,"minecraft:creeper":1,"minecraft:zombie":12,"minecraft:cow":1},"minecraft:crafted":{"minecraft:cooked_beef":3,"minecraft:oak_planks":20,"minecraft:crafting_table":1,"minecraft:wooden_pickaxe":1,"minecraft:furnace":1,"minecraft:bucket":1,"minecraft:stone_axe":1,"minecraft:air":0,"minecraft:stick":8,"minecraft:stone_pickaxe":1,"minecraft:wooden_axe":2,"minecraft:torch":4},"minecraft:picked_up":{"minecraft:pink_petals":406,"minecraft:crafting_table":3,"minecraft:leather":4,"minecraft:wooden_pickaxe":1,"minecraft:oak_log":45,"minecraft:brewing_stand":3,"minecraft:amethyst_block":4,"minecraft:string":3,"minecraft:dirt":3,"croptopia:bellpepper_seed":1,"minecraft:apple":2,"minecraft:wheat_seeds":2,"croptopia:bellpepper":1,"minecraft:stone_pickaxe":1,"minecraft:beef":3,"minecraft:iron_ingot":7,"minecraft:calcite":3,"minecraft:poppy":4,"minecraft:oak_planks":26,"minecraft:furnace":3,"minecraft:smooth_basalt":3,"minecraft:stick":33,"minecraft:raw_iron":34,"minecraft:pumpkin":36,"minecraft:torch":6,"minecraft:lava_bucket":1,"minecraft:porkchop":7,"minecraft:cherry_log":88,"croptopia:oat":2,"minecraft:spider_eye":2,"alexsmobs:animal_dictionary":1,"croptopia:oat_seed":2,"minecraft:rotten_flesh":20,"minecraft:stone_axe":1,"minecraft:cherry_sapling":33,"minecraft:bread":16,"minecraft:oak_sapling":8,"minecraft:coal":47,"minecraft:cobblestone":43},"minecraft:dropped":{"croptopia:oat":1,"minecraft:wheat_seeds":1,"minecraft:rotten_flesh":3,"croptopia:bellpepper":1,"minecraft:amethyst_block":4,"croptopia:bellpepper_seed":1,"minecraft:dirt":1,"tombstone:grave_key":1,"minecraft:oak_sapling":2,"minecraft:spider_eye":1,"minecraft:wooden_pickaxe":2,"minecraft:calcite":3},"minecraft:used":{"minecraft:cherry_sapling":16,"minecraft:stone_pickaxe":116,"minecraft:wooden_pickaxe":16,"minecraft:torch":2,"minecraft:dirt":1,"minecraft:crafting_table":3,"minecraft:wooden_axe":104,"minecraft:lava_bucket":15,"minecraft:bread":2,"minecraft:stone_axe":34,"minecraft:cobblestone":1,"minecraft:furnace":2,"minecraft:bucket":16,"tombstone:gift":1,"minecraft:cooked_beef":3},"minecraft:broken":{"minecraft:wooden_axe":2},"minecraft:killed_by":{"minecraft:player":1}},"DataVersion":3465}