{"stats":{"minecraft:broken":{"minecraft:stone_pickaxe":1,"minecraft:wooden_axe":2},"minecraft:custom":{"minecraft:mob_kills":38,"minecraft:interact_with_crafting_table":37,"minecraft:open_barrel":2,"minecraft:bell_ring":4,"minecraft:leave_game":5,"minecraft:time_since_death":17782,"minecraft:climb_one_cm":2460,"minecraft:sprint_one_cm":231962,"minecraft:walk_one_cm":229228,"minecraft:drop":32,"minecraft:play_time":82630,"minecraft:deaths":3,"minecraft:sneak_time":3099,"minecraft:walk_under_water_one_cm":4706,"minecraft:jump":1607,"minecraft:interact_with_blast_furnace":5,"minecraft:walk_on_water_one_cm":19241,"minecraft:total_world_time":82630,"minecraft:interact_with_furnace":23,"minecraft:interact_with_loom":5,"minecraft:time_since_rest":15496,"minecraft:damage_taken":1507,"minecraft:damage_dealt":6921,"minecraft:swim_one_cm":1533,"minecraft:fly_one_cm":259000,"minecraft:open_chest":15,"minecraft:crouch_one_cm":9405,"tombstone:undead_killed":29,"minecraft:fall_one_cm":38173},"minecraft:crafted":{"minecraft:oak_door":3,"minecraft:oak_planks":148,"minecraft:furnace":1,"minecraft:iron_axe":1,"minecraft:stone_pickaxe":1,"minecraft:chest":1,"minecraft:redstone_block":17,"super_ore_block:super_redstone_block":4,"minecraft:cooked_beef":3,"minecraft:crafting_table":1,"minecraft:wooden_pickaxe":1,"minecraft:iron_helmet":1,"minecraft:bucket":1,"minecraft:stone_axe":1,"minecraft:air":0,"minecraft:iron_chestplate":1,"exclusive_weapons_armor_and_tools:super_redstone_pickaxe":1,"minecraft:shield":1,"minecraft:stick":12,"minecraft:iron_pickaxe":2,"minecraft:iron_ingot":45,"minecraft:wooden_axe":2,"minecraft:iron_leggings":1,"minecraft:torch":4},"minecraft:picked_up":{"minecraft:crafting_table":4,"minecraft:wooden_pickaxe":1,"minecraft:brewing_stand":3,"minecraft:amethyst_block":4,"minecraft:oak_trapdoor":2,"minecraft:string":4,"croptopia:bellpepper_seed":1,"minecraft:gold_nugget":24,"minecraft:cobbled_deepslate":40,"minecraft:beef":3,"minecraft:calcite":3,"minecraft:poppy":4,"minecraft:furnace":3,"minecraft:stick":36,"minecraft:raw_iron":81,"minecraft:oak_fence":1,"minecraft:torch":29,"minecraft:porkchop":7,"minecraft:cherry_log":88,"minecraft:pointed_dripstone":1,"tombstone:grave_dust":2,"minecraft:redstone":331,"minecraft:arrow":1,"minecraft:rotten_flesh":30,"supplementaries:ash":12,"minecraft:rail":4,"minecraft:cobblestone":49,"minecraft:pink_petals":406,"minecraft:glow_ink_sac":7,"minecraft:leather":4,"croptopia:glowing_calamari":3,"minecraft:oak_log":51,"minecraft:gunpowder":3,"minecraft:lapis_lazuli":26,"minecraft:dirt":3,"minecraft:bone":5,"minecraft:apple":2,"minecraft:bow":1,"minecraft:wheat_seeds":2,"minecraft:raw_gold":21,"croptopia:bellpepper":1,"minecraft:iron_ingot":7,"minecraft:stone_pickaxe":1,"tombstone:bag_of_seeds":1,"minecraft:powered_rail":4,"minecraft:oak_planks":34,"minecraft:book":3,"minecraft:smooth_basalt":3,"minecraft:pumpkin":36,"minecraft:lava_bucket":1,"minecraft:dripstone_block":1,"minecraft:gravel":1,"croptopia:oat":2,"minecraft:blast_furnace":1,"minecraft:white_bed":3,"minecraft:spider_eye":3,"alexsmobs:animal_dictionary":1,"croptopia:oat_seed":2,"minecraft:diamond":8,"minecraft:stone_axe":1,"minecraft:cherry_sapling":33,"minecraft:bread":16,"minecraft:oak_sapling":8,"minecraft:coal":53},"minecraft:used":{"minecraft:cherry_sapling":16,"minecraft:chest":1,"minecraft:oak_door":3,"minecraft:torch":11,"minecraft:dirt":1,"exclusive_weapons_armor_and_tools:super_redstone_pickaxe":20,"minecraft:wooden_axe":104,"minecraft:lava_bucket":15,"minecraft:iron_axe":70,"minecraft:furnace":2,"tombstone:gift":1,"minecraft:cooked_beef":3,"minecraft:cobbled_deepslate":28,"minecraft:water_bucket":16,"minecraft:stone_pickaxe":131,"minecraft:oak_planks":2,"minecraft:wooden_pickaxe":16,"minecraft:crafting_table":4,"minecraft:blast_furnace":1,"minecraft:white_bed":3,"tombstone:bag_of_seeds":2,"minecraft:oak_log":5,"minecraft:apple":1,"minecraft:bread":13,"minecraft:iron_pickaxe":156,"minecraft:stone_axe":43,"minecraft:cobblestone":8,"minecraft:bucket":32},"minecraft:dropped":{"minecraft:iron_ingot":6,"minecraft:wheat_seeds":1,"minecraft:oak_fence":1,"minecraft:amethyst_block":4,"minecraft:dirt":1,"tombstone:grave_key":1,"minecraft:string":1,"minecraft:redstone":40,"croptopia:oat":1,"minecraft:pointed_dripstone":1,"minecraft:rotten_flesh":10,"croptopia:bellpepper":1,"croptopia:bellpepper_seed":1,"minecraft:oak_sapling":2,"minecraft:spider_eye":1,"minecraft:arrow":1,"minecraft:wooden_pickaxe":2,"minecraft:calcite":3},"minecraft:killed":{"minecraft:spider":2,"minecraft:skeleton":2,"minecraft:pig":3,"minecraft:zombie_villager":2,"minecraft:creeper":3,"tinyskeletons:baby_skeleton":1,"minecraft:zombie":24,"minecraft:cow":1},"minecraft:mined":{"croptopia:bellpepper_crop":1,"minecraft:diamond_ore":1,"minecraft:white_bed":3,"minecraft:deepslate_diamond_ore":7,"minecraft:cherry_log":44,"minecraft:brewing_stand":2,"minecraft:glow_lichen":1,"minecraft:grass_block":1,"minecraft:oak_trapdoor":2,"minecraft:furnace":2,"minecraft:cobbled_deepslate":5,"minecraft:iron_ore":44,"minecraft:fire":1,"minecraft:pumpkin":12,"minecraft:deepslate_lapis_ore":3,"minecraft:bookshelf":1,"minecraft:dirt_path":1,"minecraft:deepslate_iron_ore":37,"minecraft:rail":4,"minecraft:stone":34,"minecraft:deepslate_redstone_ore":45,"croptopia:lettuce_crop":1,"minecraft:oak_fence":1,"minecraft:crafting_table":4,"minecraft:torch":10,"minecraft:blast_furnace":1,"minecraft:calcite":3,"minecraft:cobblestone":15,"minecraft:tall_grass":15,"minecraft:deepslate_gold_ore":21,"minecraft:lapis_ore":1,"minecraft:oak_planks":10,"minecraft:wall_torch":1,"minecraft:amethyst_block":4,"minecraft:pink_petals":49,"supplementaries:urn":7,"minecraft:powered_rail":4,"minecraft:grass":9,"minecraft:coal_ore":45,"minecraft:oak_log":21,"minecraft:gravel":2,"minecraft:dripstone_block":2,"minecraft:dirt":1,"minecraft:smooth_basalt":3,"minecraft:deepslate":32},"minecraft:killed_by":{"minecraft:player":1,"alexsmobs:centipede_head":1,"minecraft:skeleton":1}},"DataVersion":3465}